DBH (cm), Basal Area (sq.m), Trees,
10.16,12.774168,1500,
12.7,15.096744,1150,
15.24,16.258,900,
17.78,18.5806,725,
20.32,19.741896,600,
22.86,20.9032,500,
25.4,22.064472,425,
27.94,23.2258,375,
30.48,24.387048,325,
33.02,25.0838,275,
35.56,25.5483,250,
38.1,26.9419,225,
40.64,27.4064,200,
43.18,27.8709,195,
45.72,28.7999,175,